date,headline,url,categories,summary,vibe,in_top7,source,theme,countries
2026-10-05,Indian student alleges visa extortion attempt,https://timesofindia.indiatimes.com/world/us/us-f-1-visa-indian-student-claims-october-interview-date-got-canceled-for-refusing-to-pay-agent-extra-20000/amp_articleshow/134716804.cms,India Specific | Destination Countries,"An Indian student claims an interview date was cancelled after refusing to pay an agent extra, highlighting persistent vulnerabilities in overseas student recruitment.",negative,True,Times of India,Students and Education,United States | India
2026-10-06,UK universities face institutional risks from soaring visa refusals,https://www.timeshighereducation.com/news/more-uk-universities-risk-over-soaring-visa-refusal-rates,Destination Countries,"Rising visa refusal rates place multiple UK higher education institutions at financial and operational risk, which may indirectly influence international recruitment channels for Indian applicants.",negative,False,Times Higher Education,Students and Education,United Kingdom
2026-10-06,Indian Teachers Duped Into Russia Ukraine War Zone,https://indianexpress.com/article/cities/chandigarh/punjab-yoga-teacher-russia-ukraine-war-indian-recruit-frontline-10909308/,India Specific | Destination Countries,"An Indian national was lured to Russia under the guise of studies only to be deployed in the Ukraine war zone, highlighting ongoing trafficking risks for overseas workers.",negative,True,The Indian Express,Enforcement and Crisis,India | Russia | Ukraine
2026-10-06,Canada Study Priorities for Indian Students Analysed,https://m.economictimes.com/nri/latest-updates/canada-study-what-indian-students-prioritise-what-indian-students-prioritise-when-choosing-universities/articleshow/134740291.cms,India Specific | Destination Countries,A new report examines the key factors Indian students consider when choosing Canadian universities amidst evolving immigration and study permit policies.,neutral,True,The Economic Times,Students and Education,India | Canada
2026-10-06,Australia Introduces New Migration and Visa Rules,https://www.indianeagle.com/traveldiary/australia-migration-changes-2026-visa-rules/,India Specific | Destination Countries,"Australia has rolled out updated migration and visa regulations for 2026, directly impacting aspiring Indian migrants and students.",neutral,True,Indian Eagle,Visas and Work Permits,India | Australia
2026-10-06,Canada Work Permit Issues Hit Indian Students Hard,https://www.educationtimes.com/study-abroad/indian-students-paid-32000-to-study-in-canada-now-theyre-told-they-cant-get-a-work-permit/articleshow/134727726.cms,India Specific | Destination Countries,Indian students who invested heavily to study in Canada are facing uncertainty after being informed they are ineligible for work permits.,negative,True,Education Times,Students and Education,India | Canada
2026-10-06,Majority of Indian Students Plan to Return Home,https://www.educationtimes.com/study-abroad/81-of-indian-students-plan-to-return-home-after-completing-their-studies-survey-finds/articleshow/134724049.cms,India Specific | Demographics & Fertility,"A recent survey reveals that 81 percent of Indian students intend to return to India after completing their international education, altering brain-drain assumptions.",positive,True,Education Times,Students and Education,India
2026-10-06,Germany Clarifies Visa Types Without Language Requirements,https://vreme.com/en/ekonomija/da-li-gradjevinski-radnici-na-ekspu-zaradjuju-vise-nego-u-nemackoj/,Destination Countries | Competitor Countries,"Germany has published a list of specific visa categories that do not mandate German language proficiency, expanding opportunities for foreign workers.",positive,True,Vreme,Visas and Work Permits,Germany
2026-10-06,Migrants in Germany fear far-right AfD election success,https://m.economictimes.com/nri/latest-updates/migrants-in-germany-fear-impact-of-far-right-afds-election-success-in-saxony-anhalt/articleshow/134726455.cms,Destination Countries | Global & Multilateral,"Migrants in Germany are concerned over the far-right AfD's electoral gains, highlighting potential policy shifts affecting Indian professionals and residents.",negative,True,The Economic Times,Enforcement and Crisis,Germany
2026-10-06,Canada to launch new asylum claim process in November,https://www.cicnews.com/2026/10/canada-to-launch-new-asylum-claim-process-on-november-3-1081063.html,Destination Countries | Global & Multilateral,"Canada is introducing a new asylum application process that alters immigration management, indirectly impacting overall visa processing trends relevant to Indian applicants.",neutral,True,CIC News,Visas and Work Permits,Canada
2026-10-06,Canada introduces key updates to work permit job offers,https://immigration.ca/canada-makes-key-change-to-job-offer-rules-for-work-permit-applications/,Destination Countries | India Specific,"Canada has revised job offer rules for work permit applications, directly affecting prospective Indian temporary foreign workers.",neutral,True,Immigration.ca,Visas and Work Permits,Canada
2026-10-06,British workers outside London reportedly lose out from migration,https://www.dailymail.com/news/article-16186625/british-workers-losing-money-migration-study.html,Destination Countries,"A study suggests regional British workers face wage pressures from migration, signaling potential political tightening on future UK immigration policies for Indians.",negative,False,Daily Mail,Labour and Workers,United Kingdom
2026-10-06,Trump H-1B fee policy hits legal hurdle,https://www.livemint.com/companies/h1b-visa-fee-trump-indian-it-companies-11791203653112.html,India Specific | Destination Countries,"Trump's proposed $100,000 H-1B fee faces a legal challenge, providing potential relief to Indian IT companies and workers.",positive,True,Mint,Visas and Work Permits,India | United States
2026-10-06,New US bill proposes heavy H-1B fines,https://m.economictimes.com/nri/work/h-1b-visa-violators-face-up-to-250000-fine-under-new-us-bill/amp_articleshow/134724087.cms,India Specific | Destination Countries,"A new US bill introduces fines up to $250,000 for H-1B visa violators, increasing compliance risks for Indian professionals and employers.",negative,True,The Economic Times,Enforcement and Crisis,India | United States
2026-10-06,Trump's self-deportation policy suffers legal blow,https://www.financialexpress.com/immigration/1-8-million-fines-halted-trumps-severe-self-deportation-policy-suffers-major-legal-blow/4354708/,Destination Countries,"Massive fines under a strict self-deportation policy were halted by a court, reducing immediate expulsion pressures on undocumented workers.",positive,True,Financial Express,Enforcement and Crisis,United States
2026-10-06,Will US H-1B and tariff policies impact Indian diaspora voters?,https://www.moneycontrol.com/world/trump-gained-indian-american-voters-in-2024-will-his-h-1b-and-tariff-policies-reverse-that-gain-in-2026-midterms-article-14045833.html,India Specific | Destination Countries,Analysis explores whether tightening US immigration rules and tariffs will influence Indian-American voting patterns in upcoming midterms.,neutral,True,Moneycontrol,Remittances and Diaspora,India | United States
2026-10-06,Saudi Arabia Streamlines Family Visas for Skilled Expatriates,https://www.khaleejtimes.com/world/gulf/saudi-arabia-skilled-expats-process-family-visas-work-permits,Destination Countries | Global & Multilateral,"Saudi Arabia now allows skilled foreign workers to process family visas concurrently with work permits, improving living conditions for Indian expatriates in the Gulf.",positive,True,Khaleej Times,Visas and Work Permits,Saudi Arabia
2026-10-06,Business Council Warns Against Australia Migration Cuts,https://www.bca.com.au/our-insights/media-releases/business-council-warns-migration-race-to-the-bottom-threatens-australias-economy/,Destination Countries | Global & Multilateral,"The Business Council of Australia warned that sweeping cuts to migration could damage the national economy, highlighting the reliance on foreign labor that benefits Indian professionals.",negative,True,Business Council of Australia,Labour and Workers,Australia
2026-10-06,Group of Eight Urges Australia to Protect Global Research Talent,https://go8.edu.au/media-release-australia-must-compete-for-global-research-talent-not-deter-it,Destination Countries | Global & Multilateral,"Australia's Group of Eight universities urged policymakers to continue welcoming international research talent, offering potential relief for Indian academics and postgraduate students.",neutral,True,Group of Eight,Students and Education,Australia
2026-10-06,Saudi Arabia permits skilled expats to bring families earlier,https://gulfnews.com/amp/story/world%252Fgulf%252Fsaudi%252Fsaudi-arabia-allows-highly-skilled-expats-to-bring-families-during-work-visa-process-1.500700473,Destination Countries | Global & Multilateral,"Saudi Arabia now allows skilled expatriates to bring their families during the work visa process, making the destination more attractive for Indian professionals.",positive,True,Gulf News,Visas and Work Permits,Saudi Arabia | India
2026-10-06,Germany outlines visa types not requiring German language skills,https://yen.com.gh/world/313250-germany-names-7-visas-that-require-german-skills/,Destination Countries | Global & Multilateral,"Germany has listed seven visa categories that waive language requirements, offering new pathways for Indian skilled workers and students.",positive,True,Yen,Visas and Work Permits,Germany | India
2026-10-06,Far-right election win worries migrants in Germany,https://www.thehindu.com/news/international/far-right-election-win-leaves-migrants-questioning-their-future-in-eastern-germany/article71550472.ece,Destination Countries | Global & Multilateral,"The electoral success of far-right parties in eastern Germany raises safety and integration concerns for international workers and students, potentially impacting future Indian migration flows to the region.",negative,True,The Hindu,Enforcement and Crisis,Germany
2026-10-07,Kerala informal labour market absorbs migrant delivery workers,https://thesouthfirst.com/keralam/delivery-gigs-migrants-entry-into-keralams-informal-labour-market-with-little-safety-net/,India Specific,"Migrants are increasingly entering Kerala's informal delivery sector without adequate safety nets, highlighting domestic labour vulnerabilities relevant to internal and regional worker welfare policies.",negative,False,The South First,Labour and Workers,India
2026-10-07,UK January 2027 admissions demand strict student visa compliance,https://www.telegraphindia.com/amp/edugraph/global-education/deadlines-and-visa-requirements-students-planning-uk-january-2027-admissions-need-to-know/cid/2183520,Destination Countries | India Specific,"UK universities outline crucial visa deadlines and requirements for January 2027 admissions, directly impacting prospective Indian students planning their higher education abroad.",neutral,True,Telegraph India,Students and Education,India | United Kingdom
2026-10-07,New Zealand data shows low approval rates for Indian students,https://www.ahmedabadmirror.com/india-is-nzs-biggest-student-visa-market-but-inzs-own-data-shows-only-about-half-of-indian-applicants-are-approved/81923371.html,Destination Countries | India Specific,"Immigration New Zealand data indicates only about half of Indian student visa applicants are approved despite India being the largest market, signalling tighter hurdles for Indian student mobility.",negative,True,Ahmedabad Mirror,Visas and Work Permits,India | New Zealand
2026-10-07,Australia's proposed migration caps risk breaching India trade pact,https://www.theguardian.com/australia-news/2026/oct/07/coalition-migration-policy-reaction-universities-students-economy-india-ntwnfb,Destination Countries | India Specific | Bilateral Deals and Trade,"Advocates warn that the Australian opposition's restrictive migration plans could breach the bilateral free trade agreement with India and harm the domestic economy, affecting student and worker mobility.",negative,True,The Guardian,Bilateral Deals and Trade,Australia | India
2026-10-07,Australia Coalition unveils sweeping migration cuts,https://au.news.yahoo.com/graduates-targeted-radical-migration-overhaul-011914602.html,Destination Countries | Competitor Countries,"The Australian opposition coalition announced major cuts to temporary visas and graduate pathways, signaling a tightening market for Indian students and workers.",negative,True,Yahoo News Australia,Visas and Work Permits,Australia
2026-10-07,Australia Coalition Proposes Historic Cuts to Net Overseas Migration,https://www.abc.net.au/news/2026-10-07/federal-politics-live-blog-taylor-migration/107235708,Destination Countries | Global & Multilateral,"The Australian Coalition has announced plans to drastically slash net overseas migration targets if elected, which could significantly impact Indian students and skilled workers seeking permanent residency.",negative,True,ABC News,Visas and Work Permits,Australia
2026-10-07,Kerala Rubber Board engages women amid skilled tapper shortage,https://www.newindianexpress.com/states/kerala/2026/Oct/07/shortage-of-skilled-tappers-rubber-board-turns-to-women-in-kerala,India Specific | Demographics & Fertility,"The Rubber Board in Kerala is training women to address a severe domestic shortage of skilled tappers, highlighting changing workforce demographics in India.",neutral,True,The New Indian Express,Demographics and Workforce,India
